Time (s),ADC Value,Duty Cyle %
1764966861.9562805,564,55.13196480938416
1764966862.7502022,562,54.936461388074285
1764966863.54275,563,55.03421309872923
1764966864.3412926,563,55.03421309872923
1764966865.1348407,564,55.13196480938416
1764966865.928223,564,55.13196480938416
1764966866.7271683,565,55.2297165200391
1764966867.5207517,565,55.2297165200391
1764966868.3138108,562,54.936461388074285
1764966869.1080973,563,55.03421309872923
1764966869.905994,584,57.0869990224829
1764966870.6992586,563,55.03421309872923
1764966871.4933,318,31.085043988269796
1764966872.2879183,177,17.302052785923753
1764966873.0830226,179,17.49755620723363
1764966873.8765702,176,17.20430107526882
1764966874.6731143,228,22.287390029325515
1764966875.4726615,246,24.04692082111437
1764966876.2670188,165,16.129032258064516
1764966877.0601268,192,18.7683284457478
1764966877.8550131,192,18.7683284457478
1764966878.6486,181,17.6930596285435
1764966879.4419672,197,19.257086999022484
1764966880.237182,188,18.377321603128056
1764966881.0365775,194,18.963831867057674
1764966881.831144,173,16.91104594330401
1764966882.6258495,175,17.10654936461388
1764966883.419749,175,17.10654936461388
1764966884.2132955,176,17.20430107526882
1764966885.006842,176,17.20430107526882
1764966885.802387,176,17.20430107526882
1764966886.5958915,176,17.20430107526882
1764966887.3962836,150,14.662756598240467
1764966888.1911366,167,16.32453567937439
1764966888.9851358,153,14.956011730205276
1764966889.7786145,153,14.956011730205276
1764966890.5722315,164,16.03128054740958
1764966891.3653264,138,13.48973607038123
1764966892.160878,185,18.084066471163247
1764966892.96199,567,55.42521994134897
1764966893.7535384,567,55.42521994134897
1764966894.5470843,635,62.07233626588465
1764966894.9498556,636,62.17008797653959
1764966895.346627,638,62.365591397849464
1764966896.140174,638,62.365591397849464
1764966896.9336119,634,61.97458455522972
1764966897.7271857,629,61.48582600195503
1764966898.5240254,625,61.09481915933529
1764966899.3171937,580,56.69599217986314
1764966900.1111739,615,60.11730205278592
1764966900.9113421,637,62.267839687194524
1764966901.705065,637,62.267839687194524
1764966902.498156,524,51.2218963831867
1764966903.2901888,608,59.43304007820137
1764966904.0887334,546,53.3724340175953
1764966904.883279,611,59.72629521016618
1764966905.6760583,527,51.515151515151516
1764966906.4701946,552,53.95894428152492
1764966907.2686996,607,59.33528836754643
1764966908.0626295,567,55.42521994134897
1764966908.8565161,581,56.79374389051809
1764966909.6493306,470,45.94330400782014
1764966910.4481509,605,59.13978494623656
1764966911.2398953,599,58.55327468230694
1764966912.0391862,511,49.951124144672534
1764966912.8327563,511,49.951124144672534
1764966913.6259682,453,44.281524926686224
1764966914.4245148,597,58.35777126099706
1764966915.2160594,597,58.35777126099706
1764966916.0106406,622,60.80156402737048
1764966916.8103004,624,60.997067448680355
1764966917.6039076,624,60.997067448680355
1764966918.397144,624,60.997067448680355
1764966919.1902137,623,60.899315738025415
1764966919.9877586,623,60.899315738025415
1764966920.7813046,624,60.997067448680355
1764966921.5748515,602,58.846529814271754
1764966922.3743951,879,85.92375366568915
1764966923.229907,1023,100.0
1764966923.9604886,300,29.325513196480934
1764966924.815,1023,100.0
1764966925.6105459,1023,100.0
1764966926.405091,1023,100.0
1764966927.1996398,1023,100.0
1764966927.9951837,1023,100.0
1764966928.789731,1018,99.51124144672532
1764966929.5842774,1016,99.31573802541544
1764966930.3858175,1021,99.80449657869012
1764966931.1733663,1018,99.51124144672532
1764966931.9699113,1023,100.0
1764966932.7654579,1023,100.0
1764966933.5600033,1016,99.31573802541544
1764966934.295584,936,91.49560117302053
1764966935.0901287,900,87.97653958944282
1764966935.889673,901,88.07429130009774
1764966936.6842182,900,87.97653958944282
1764966937.477765,903,88.26979472140762
1764966938.2713108,903,88.26979472140762
1764966939.064859,897,87.68328445747801
1764966939.8584054,901,88.07429130009774
1764966940.652951,907,88.66080156402735
1764966941.454492,899,87.87878787878788
1764966942.2490377,897,87.68328445747801
1764966943.0425851,859,83.9687194525904
1764966943.8351328,859,83.9687194525904
1764966944.6286786,890,86.99902248289345
1764966945.4232254,876,85.63049853372435
1764966946.2177706,875,85.5327468230694
1764966947.0173137,800,78.20136852394917
1764966947.81186,879,85.92375366568915
1764966948.6054068,879,85.92375366568915
1764966949.3999527,873,85.33724340175954
1764966950.1925015,852,83.28445747800586
1764966950.987045,883,86.31476050830888
1764966951.7815921,872,85.23949169110459
1764966952.5811381,871,85.14173998044964
1764966953.37668,874,85.43499511241447
1764966954.1702273,878,85.8260019550342
1764966954.9637735,878,85.8260019550342
1764966955.7573204,907,88.66080156402735
1764966956.549867,735,71.8475073313783
1764966957.3464117,480,46.9208211143695
1764966958.1429586,475,46.43206256109482
1764966958.9365041,472,46.138807429130004
1764966959.7300503,475,46.43206256109482
1764966960.5275953,479,46.82306940371457
1764966961.321141,477,46.6275659824047
1764966962.1146884,479,46.82306940371457
1764966962.9132307,444,43.40175953079179
1764966963.7067783,444,43.40175953079179
1764966964.1055498,486,47.50733137829912
1764966964.8990963,486,47.50733137829912
1764966965.694642,479,46.82306940371457
1764966966.490188,444,43.40175953079179
1764966967.2807357,468,45.747800586510266
1764966968.0782802,494,48.28934506353861
1764966968.8718271,443,43.30400782013685
1764966969.6683788,437,42.717497556207235
1764966970.4639173,480,46.9208211143695
1764966971.2564635,417,40.7624633431085
1764966972.0500107,388,37.92766373411535
1764966972.8470888,404,39.49169110459433
1764966973.6406388,355,34.701857282502445
1764966974.439186,329,32.16031280547409
1764966975.2317314,329,32.16031280547409
1764966976.0262175,369,36.070381231671554
1764966976.8230608,273,26.68621700879765
1764966977.6164317,300,29.325513196480934
1764966978.4099784,349,34.11534701857283
1764966979.2052727,308,30.107526881720432
1764966980.0051224,316,30.889540566959923
1764966980.793927,316,30.889540566959923
1764966981.5902398,336,32.84457478005865
1764966982.3861315,281,27.468230694037143
1764966983.179809,310,30.303030303030305
1764966983.9743543,383,37.43890518084066
1764966984.7699003,367,35.87487781036168
1764966985.5654452,342,33.43108504398827
1764966986.3589942,421,41.15347018572825
1764966987.1554637,431,42.13098729227762
1764966987.9510176,358,34.99511241446726
1764966988.7465641,389,38.02541544477028
1764966989.54111,438,42.815249266862175
1764966990.335656,388,37.92766373411535
1764966991.1292017,368,35.97262952101662
1764966991.924604,447,43.695014662756606
1764966992.7201338,440,43.01075268817204
1764966993.5143535,377,36.852394916911045
1764966994.3089035,412,40.27370478983382
1764966995.103446,455,44.47702834799609
1764966995.89999,401,39.19843597262952
1764966996.6960287,370,36.168132942326494
1764966997.487976,439,42.9130009775171
1764966998.282172,435,42.52199413489737
1764966999.0802915,463,45.25904203323558
1764966999.8752174,454,44.37927663734115
1764967000.6698318,485,47.40957966764419
1764967001.4655547,486,47.50733137829912
1764967002.260988,476,46.52981427174976
1764967003.0546465,486,47.50733137829912
1764967003.8471975,486,47.50733137829912
1764967004.6427422,468,45.747800586510266
1764967005.4392884,470,45.94330400782014
1764967006.2305844,484,47.31182795698924
1764967007.0293067,471,46.04105571847508
1764967007.820843,471,46.04105571847508
1764967008.6172104,485,47.40957966764419
1764967009.4113822,483,47.214076246334315
1764967010.207852,456,44.57478005865103
1764967011.0041049,476,46.52981427174976
